title,company_name,package,location_on
PYTHON,Radical Tecnologies,Rs 0.50 - 0.60 Lacs p.a.,"Cochin/ Kochi/ Ernakulam (Kerala), Thiruvananthapuram (Kerala), Thrissur (Kerala)"
Python Developer,Splice Global Services Pvt Ltd,As per Industry Standards,Gurgaon (Haryana)
Python Developer,"creative thoughts informatics, indore",As per Industry Standards,Indore (Madhya Pradesh)
Python Developer,pearl global solutions,As per Industry Standards,Cochin/ Kochi/ Ernakulam (Kerala)
Python Developer,APPLYCUP HIRING SOLUTIONS LLP,As per Industry Standards,Ahmedabad (Gujarat)
Python Developer,CONNECTING 2 WORK,As per Industry Standards,Thiruvananthapuram (Kerala)
Python Developer,DealsCorner,As per Industry Standards,Ahmedabad (Gujarat)
Python Developer,InnOvator Web Solutions Pvt.Ltd.,As per Industry Standards,Mumbai (Maharashtra)
Python - Odoo,AxisTechnolabs,As per Industry Standards,Ahmedabad (Gujarat)
Python Developer,TECHNOPARK TRIVANDRUM,As per Industry Standards,Thiruvananthapuram (Kerala)
Python Developer,TECHNOPARK TRIVANDRUM,As per Industry Standards,Thiruvananthapuram (Kerala)
Python Developer,Perfios Software,As per Industry Standards,Bengaluru/ Bangalore (Karnataka)
Python Developer,xonier technologies pvt ltd,As per Industry Standards,Noida/ Greater Noida (Uttar Pradesh)
Python Interns,3RI Technologies Pvt Ltd,As per Industry Standards,Pune (Maharashtra)
PYTHON DEVELOPER,DREAMAJAX TECHNOLOGIES,As per Industry Standards,Bengaluru/ Bangalore (Karnataka)
Python developer,TandA HR Solutions,As per Industry Standards,"Mohali (Punjab), Chandigarh (Punjab)"
Python Developer,APPLYCUP HIRING SOLUTIONS LLP,As per Industry Standards,Gandhinagar (Gujarat)
Python Trainer,APPLYCUP HIRING SOLUTIONS LLP,As per Industry Standards,Pune (Maharashtra)
PYTHON Developer,INFINITY GROUP,As per Industry Standards,Noida/ Greater Noida (Uttar Pradesh)
Python Developer,TandA HR Solutions,As per Industry Standards,"Gurgaon (Haryana), Chandigarh (Punjab)"
Python Engineer,east india securities ltd.,As per Industry Standards,Kolkata (West Bengal)
Python Developer,Innova Unified Management Services Pvt Ltd,Rs 1.00 - 2.40 Lacs p.a.,Kolkata (West Bengal)
Python Developer,Big4,As per Industry Standards,"Bengaluru/ Bangalore (Karnataka), Delhi (Delhi)"
Python Faculty,learntek,As per Industry Standards,"Bengaluru/ Bangalore (Karnataka), Chennai (Tamil Nadu), Hyderabad/ Secunderabad (Andhra Pradesh), Vijayawada (Andhra Pradesh), Visakhapatnam (Andhra Pradesh)"
Python,Surya Informatics Solutions Pvt. Ltd.,As per Industry Standards,Chennai (Tamil Nadu)
